initial_alias,converted_alias,name,description,namespace,uniqueccds,uniquegenename
CCDS24245.1,ENSMUSG00000040249,Lrp1,low density lipoprotein receptor-related protein 1 [Source:MGI Symbol;Acc:MGI:96828],CCDS,CCDS24245.1,Lrp1
CCDS48961.1,ENSMUSG00000001027,Scn4a,"sodium channel, voltage-gated, type IV, alpha [Source:MGI Symbol;Acc:MGI:98250]",CCDS,CCDS48961.1,Scn4a
CCDS48994.1,ENSMUSG00000033987,Dnah17,"dynein, axonemal, heavy chain 17 [Source:MGI Symbol;Acc:MGI:1917176]",CCDS,CCDS48994.1,Dnah17
CCDS51649.1,ENSMUSG00000038011,Dnah10,"dynein, axonemal, heavy chain 10 [Source:MGI Symbol;Acc:MGI:1860299]",CCDS,CCDS51649.1,Dnah10
CCDS51672.1,ENSMUSG00000079173,Zan,zonadhesin [Source:MGI Symbol;Acc:MGI:106656],CCDS,CCDS51672.1,Zan
CCDS52618.1,ENSMUSG00000034656,Cacna1a,"calcium channel, voltage-dependent, P/Q type, alpha 1A subunit [Source:MGI Symbol;Acc:MGI:109482]",CCDS,CCDS52618.1,Cacna1a
CCDS52965.1,ENSMUSG00000032511,Scn5a,"sodium channel, voltage-gated, type V, alpha [Source:MGI Symbol;Acc:MGI:98251]",CCDS,CCDS52965.1,Scn5a
CCDS56704.1,ENSMUSG00000012819,Cdh23,cadherin 23 (otocadherin) [Source:MGI Symbol;Acc:MGI:1890219],CCDS,CCDS56704.1,Cdh23
CCDS57628.1,ENSMUSG00000034656,Cacna1a,"calcium channel, voltage-dependent, P/Q type, alpha 1A subunit [Source:MGI Symbol;Acc:MGI:109482]",CCDS,CCDS57628.1,Abcc8
CCDS57715.1,ENSMUSG00000032511,Scn5a,"sodium channel, voltage-gated, type V, alpha [Source:MGI Symbol;Acc:MGI:98251]",CCDS,CCDS57715.1,Itpr3
CCDS21275.1,ENSMUSG00000040136,Abcc8,"ATP-binding cassette, sub-family C (CFTR/MRP), member 8 [Source:MGI Symbol;Acc:MGI:1352629]",CCDS,CCDS21275.1,Myo7a
CCDS28560.1,ENSMUSG00000042644,Itpr3,"inositol 1,4,5-triphosphate receptor 3 [Source:MGI Symbol;Acc:MGI:96624]",CCDS,CCDS28560.1,Grm4
CCDS57563.1,ENSMUSG00000030761,Myo7a,myosin VIIA [Source:MGI Symbol;Acc:MGI:104510],CCDS,CCDS57563.1,Csmd2
CCDS57564.1,ENSMUSG00000030761,Myo7a,myosin VIIA [Source:MGI Symbol;Acc:MGI:104510],CCDS,CCDS57564.1,Celsr2
CCDS70775.1,ENSMUSG00000063239,Grm4,"glutamate receptor, metabotropic 4 [Source:MGI Symbol;Acc:MGI:1351341]",CCDS,CCDS70775.1,Muc5b
CCDS84795.1,ENSMUSG00000028804,Csmd2,CUB and Sushi multiple domains 2 [Source:MGI Symbol;Acc:MGI:2386401],CCDS,CCDS84795.1,Krtap5-3
CCDS17759.1,ENSMUSG00000068740,Celsr2,"cadherin, EGF LAG seven-pass G-type receptor 2 [Source:MGI Symbol;Acc:MGI:1858235]",CCDS,CCDS17759.1,Hspg2
CCDS40026.1,ENSMUSG00000030761,Myo7a,myosin VIIA [Source:MGI Symbol;Acc:MGI:104510],CCDS,CCDS40026.1,Tenm4
CCDS52448.1,ENSMUSG00000066108,Muc5b,"mucin 5, subtype B, tracheobronchial [Source:MGI Symbol;Acc:MGI:1921430]",CCDS,CCDS52448.1,Disp3
CCDS80833.1,ENSMUSG00000046248,Krtap5-3,keratin associated protein 5-3 [Source:MGI Symbol;Acc:MGI:1924465],CCDS,CCDS80833.1,Dnah1
CCDS51333.1,ENSMUSG00000028763,Hspg2,perlecan (heparan sulfate proteoglycan 2) [Source:MGI Symbol;Acc:MGI:96257],CCDS,CCDS51333.1,Casz1
CCDS57565.1,ENSMUSG00000030761,Myo7a,myosin VIIA [Source:MGI Symbol;Acc:MGI:104510],CCDS,CCDS57565.1,Piezo1
CCDS80754.1,ENSMUSG00000048078,Tenm4,teneurin transmembrane protein 4 [Source:MGI Symbol;Acc:MGI:2447063],CCDS,CCDS80754.1,Muc21
CCDS38966.1,ENSMUSG00000041544,Disp3,dispatched RND transporter family member 3 [Source:MGI Symbol;Acc:MGI:2444403],CCDS,CCDS38966.1,Nos1
CCDS49436.1,ENSMUSG00000019027,Dnah1,"dynein, axonemal, heavy chain 1 [Source:MGI Symbol;Acc:MGI:107721]",CCDS,CCDS49436.1,Tmem94
CCDS80753.1,ENSMUSG00000048078,Tenm4,teneurin transmembrane protein 4 [Source:MGI Symbol;Acc:MGI:2447063],CCDS,CCDS80753.1,Tenm2
CCDS40024.1,ENSMUSG00000048078,Tenm4,teneurin transmembrane protein 4 [Source:MGI Symbol;Acc:MGI:2447063],CCDS,CCDS40024.1,Sdk2
CCDS51379.1,ENSMUSG00000028977,Casz1,castor zinc finger 1 [Source:MGI Symbol;Acc:MGI:1196251],CCDS,CCDS51379.1,Grik3
CCDS52695.1,ENSMUSG00000014444,Piezo1,piezo-type mechanosensitive ion channel component 1 [Source:MGI Symbol;Acc:MGI:3603204],CCDS,CCDS52695.1,Cacna1i
CCDS90474.1,None,None,None,,CCDS90474.1,Cacna1s
CCDS57077.1,ENSMUSG00000090588,Muc21,mucin 21 [Source:MGI Symbol;Acc:MGI:3779983],CCDS,CCDS57077.1,Unc5a
CCDS19606.1,ENSMUSG00000029361,Nos1,"nitric oxide synthase 1, neuronal [Source:MGI Symbol;Acc:MGI:97360]",CCDS,CCDS19606.1,Wfs1
CCDS25646.1,ENSMUSG00000020747,Tmem94,transmembrane protein 94 [Source:MGI Symbol;Acc:MGI:1919197],CCDS,CCDS25646.1,Tas1r2
CCDS28563.1,ENSMUSG00000063239,Grm4,"glutamate receptor, metabotropic 4 [Source:MGI Symbol;Acc:MGI:1351341]",CCDS,CCDS28563.1,Ryr1
CCDS24546.1,ENSMUSG00000049336,Tenm2,teneurin transmembrane protein 2 [Source:MGI Symbol;Acc:MGI:1345184],CCDS,CCDS24546.1,Dnah2
CCDS25605.1,ENSMUSG00000041592,Sdk2,sidekick cell adhesion molecule 2 [Source:MGI Symbol;Acc:MGI:2443847],CCDS,CCDS25605.1,Grik5
CCDS38878.1,ENSMUSG00000001985,Grik3,"glutamate receptor, ionotropic, kainate 3 [Source:MGI Symbol;Acc:MGI:95816]",CCDS,CCDS38878.1,Kcnj9
CCDS49670.1,ENSMUSG00000022416,Cacna1i,"calcium channel, voltage-dependent, alpha 1I subunit [Source:MGI Symbol;Acc:MGI:2178051]",CCDS,CCDS49670.1,Zfhx3
CCDS48380.1,ENSMUSG00000026407,Cacna1s,"calcium channel, voltage-dependent, L type, alpha 1S subunit [Source:MGI Symbol;Acc:MGI:88294]",CCDS,CCDS48380.1,Notch1
CCDS79188.1,ENSMUSG00000025876,Unc5a,unc-5 netrin receptor A [Source:MGI Symbol;Acc:MGI:894682],CCDS,CCDS79188.1,Kcnk12
CCDS19245.1,ENSMUSG00000039474,Wfs1,wolframin ER transmembrane glycoprotein [Source:MGI Symbol;Acc:MGI:1328355],CCDS,CCDS19245.1,Hydin
CCDS18849.1,ENSMUSG00000028738,Tas1r2,"taste receptor, type 1, member 2 [Source:MGI Symbol;Acc:MGI:1933546]",CCDS,CCDS18849.1,Ncor2
CCDS26537.1,ENSMUSG00000025876,Unc5a,unc-5 netrin receptor A [Source:MGI Symbol;Acc:MGI:894682],CCDS,CCDS26537.1,Grm2
CCDS39866.1,ENSMUSG00000030592,Ryr1,"ryanodine receptor 1, skeletal muscle [Source:MGI Symbol;Acc:MGI:99659]",CCDS,CCDS39866.1,Prex1
CCDS36192.1,ENSMUSG00000005237,Dnah2,"dynein, axonemal, heavy chain 2 [Source:MGI Symbol;Acc:MGI:107731]",CCDS,CCDS36192.1,Slc9a1
CCDS20970.1,ENSMUSG00000003378,Grik5,"glutamate receptor, ionotropic, kainate 5 (gamma 2) [Source:MGI Symbol;Acc:MGI:95818]",CCDS,CCDS20970.1,Adgrb1
CCDS35783.1,ENSMUSG00000038026,Kcnj9,"potassium inwardly-rectifying channel, subfamily J, member 9 [Source:MGI Symbol;Acc:MGI:108007]",CCDS,CCDS35783.1,Cacna1c
CCDS22651.1,ENSMUSG00000038872,Zfhx3,zinc finger homeobox 3 [Source:MGI Symbol;Acc:MGI:99948],CCDS,CCDS22651.1,Nrxn2
CCDS35724.1,ENSMUSG00000026407,Cacna1s,"calcium channel, voltage-dependent, L type, alpha 1S subunit [Source:MGI Symbol;Acc:MGI:88294]",CCDS,CCDS35724.1,Acacb
CCDS15806.1,ENSMUSG00000026923,Notch1,notch 1 [Source:MGI Symbol;Acc:MGI:97363],CCDS,CCDS15806.1,Zfp423
CCDS29020.1,ENSMUSG00000050138,Kcnk12,"potassium channel, subfamily K, member 12 [Source:MGI Symbol;Acc:MGI:2684043]",CCDS,CCDS29020.1,Slc32a1
CCDS40476.1,ENSMUSG00000059854,Hydin,"HYDIN, axonemal central pair apparatus protein [Source:MGI Symbol;Acc:MGI:2389007]",CCDS,CCDS40476.1,Pik3cd
CCDS57381.1,ENSMUSG00000029478,Ncor2,nuclear receptor co-repressor 2 [Source:MGI Symbol;Acc:MGI:1337080],CCDS,CCDS57381.1,Krtap5-2
CCDS52914.1,ENSMUSG00000023192,Grm2,"glutamate receptor, metabotropic 2 [Source:MGI Symbol;Acc:MGI:1351339]",CCDS,CCDS52914.1,Tmem30b
CCDS57382.1,ENSMUSG00000029478,Ncor2,nuclear receptor co-repressor 2 [Source:MGI Symbol;Acc:MGI:1337080],CCDS,CCDS57382.1,Myo7b
CCDS38334.1,ENSMUSG00000039621,Prex1,"phosphatidylinositol-3,4,5-trisphosphate-dependent Rac exchange factor 1 [Source:MGI Symbol;Acc:MGI:3040696]",CCDS,CCDS38334.1,Nav2
CCDS90184.1,None,None,None,,CCDS90184.1,Plec
CCDS38903.1,ENSMUSG00000028854,Slc9a1,"solute carrier family 9 (sodium/hydrogen exchanger), member 1 [Source:MGI Symbol;Acc:MGI:102462]",CCDS,CCDS38903.1,Sipa1l3
CCDS70635.1,ENSMUSG00000034730,Adgrb1,adhesion G protein-coupled receptor B1 [Source:MGI Symbol;Acc:MGI:1933736],CCDS,CCDS70635.1,Kcnt1
CCDS80590.1,ENSMUSG00000051331,Cacna1c,"calcium channel, voltage-dependent, L type, alpha 1C subunit [Source:MGI Symbol;Acc:MGI:103013]",CCDS,CCDS80590.1,Krtap4-16
CCDS80592.1,ENSMUSG00000051331,Cacna1c,"calcium channel, voltage-dependent, L type, alpha 1C subunit [Source:MGI Symbol;Acc:MGI:103013]",CCDS,CCDS80592.1,Gm11563
CCDS57132.1,ENSMUSG00000033768,Nrxn2,neurexin II [Source:MGI Symbol;Acc:MGI:1096362],CCDS,CCDS57132.1,Nav1
CCDS89327.1,None,None,None,,CCDS89327.1,Casr
CCDS19561.1,ENSMUSG00000042010,Acacb,acetyl-Coenzyme A carboxylase beta [Source:MGI Symbol;Acc:MGI:2140940],CCDS,CCDS19561.1,Elfn2
CCDS80911.1,ENSMUSG00000045333,Zfp423,zinc finger protein 423 [Source:MGI Symbol;Acc:MGI:1891217],CCDS,CCDS80911.1,Scn10a
CCDS38309.1,ENSMUSG00000037771,Slc32a1,"solute carrier family 32 (GABA vesicular transporter), member 1 [Source:MGI Symbol;Acc:MGI:1194488]",CCDS,CCDS38309.1,Slc12a3
CCDS51381.1,ENSMUSG00000039936,Pik3cd,"phosphatidylinositol-4,5-bisphosphate 3-kinase catalytic subunit delta [Source:MGI Symbol;Acc:MGI:1098211]",CCDS,CCDS51381.1,H4c12
CCDS51384.1,ENSMUSG00000039936,Pik3cd,"phosphatidylinositol-4,5-bisphosphate 3-kinase catalytic subunit delta [Source:MGI Symbol;Acc:MGI:1098211]",CCDS,CCDS51384.1,Gabbr2
CCDS80832.1,ENSMUSG00000054759,Krtap5-2,keratin associated protein 5-2 [Source:MGI Symbol;Acc:MGI:1918873],CCDS,CCDS80832.1,Slc2a8
CCDS25975.1,ENSMUSG00000034435,Tmem30b,transmembrane protein 30B [Source:MGI Symbol;Acc:MGI:2442082],CCDS,CCDS25975.1,St6galnac6
CCDS80589.1,ENSMUSG00000051331,Cacna1c,"calcium channel, voltage-dependent, L type, alpha 1C subunit [Source:MGI Symbol;Acc:MGI:103013]",CCDS,CCDS80589.1,Celsr1
CCDS71821.1,ENSMUSG00000051331,Cacna1c,"calcium channel, voltage-dependent, L type, alpha 1C subunit [Source:MGI Symbol;Acc:MGI:103013]",CCDS,CCDS71821.1,Tchh
CCDS80594.1,ENSMUSG00000051331,Cacna1c,"calcium channel, voltage-dependent, L type, alpha 1C subunit [Source:MGI Symbol;Acc:MGI:103013]",CCDS,CCDS80594.1,Chrnb4
CCDS51380.1,ENSMUSG00000039936,Pik3cd,"phosphatidylinositol-4,5-bisphosphate 3-kinase catalytic subunit delta [Source:MGI Symbol;Acc:MGI:1098211]",CCDS,CCDS51380.1,Cacna1h
CCDS51382.1,ENSMUSG00000039936,Pik3cd,"phosphatidylinositol-4,5-bisphosphate 3-kinase catalytic subunit delta [Source:MGI Symbol;Acc:MGI:1098211]",CCDS,CCDS51382.1,Igf1r
CCDS51383.1,ENSMUSG00000039936,Pik3cd,"phosphatidylinositol-4,5-bisphosphate 3-kinase catalytic subunit delta [Source:MGI Symbol;Acc:MGI:1098211]",CCDS,CCDS51383.1,Kcnb1
CCDS50244.1,ENSMUSG00000024388,Myo7b,myosin VIIB [Source:MGI Symbol;Acc:MGI:107709],CCDS,CCDS50244.1,Myh6
CCDS71973.1,ENSMUSG00000052512,Nav2,neuron navigator 2 [Source:MGI Symbol;Acc:MGI:2183691],CCDS,CCDS71973.1,Adgrl1
CCDS37114.1,ENSMUSG00000022565,Plec,plectin [Source:MGI Symbol;Acc:MGI:1277961],CCDS,CCDS37114.1,Pitpnm2
CCDS80588.1,ENSMUSG00000051331,Cacna1c,"calcium channel, voltage-dependent, L type, alpha 1C subunit [Source:MGI Symbol;Acc:MGI:103013]",CCDS,CCDS80588.1,Trim42
CCDS39871.1,ENSMUSG00000030583,Sipa1l3,signal-induced proliferation-associated 1 like 3 [Source:MGI Symbol;Acc:MGI:1921456],CCDS,CCDS39871.1,Crhr1
CCDS90352.1,None,None,None,,CCDS90352.1,Tmem184b
CCDS80587.1,ENSMUSG00000051331,Cacna1c,"calcium channel, voltage-dependent, L type, alpha 1C subunit [Source:MGI Symbol;Acc:MGI:103013]",CCDS,CCDS80587.1,Tpcn1
CCDS49647.1,ENSMUSG00000022565,Plec,plectin [Source:MGI Symbol;Acc:MGI:1277961],CCDS,CCDS49647.1,Tmem104
CCDS80595.1,ENSMUSG00000051331,Cacna1c,"calcium channel, voltage-dependent, L type, alpha 1C subunit [Source:MGI Symbol;Acc:MGI:103013]",CCDS,CCDS80595.1,Adra1b
CCDS79757.1,ENSMUSG00000058740,Kcnt1,"potassium channel, subfamily T, member 1 [Source:MGI Symbol;Acc:MGI:1924627]",CCDS,CCDS79757.1,Bahcc1
CCDS49648.1,ENSMUSG00000022565,Plec,plectin [Source:MGI Symbol;Acc:MGI:1277961],CCDS,CCDS49648.1,Lingo1
CCDS36326.1,ENSMUSG00000046474,Krtap4-16,keratin associated protein 4-16 [Source:MGI Symbol;Acc:MGI:3651030],CCDS,CCDS36326.1,Flnc
CCDS80593.1,ENSMUSG00000051331,Cacna1c,"calcium channel, voltage-dependent, L type, alpha 1C subunit [Source:MGI Symbol;Acc:MGI:103013]",CCDS,CCDS80593.1,Mtss2
CCDS38973.1,ENSMUSG00000028977,Casz1,castor zinc finger 1 [Source:MGI Symbol;Acc:MGI:1196251],CCDS,CCDS38973.1,Dagla
CCDS48913.1,ENSMUSG00000069718,Gm11563,predicted gene 11563 [Source:MGI Symbol;Acc:MGI:3650330],CCDS,CCDS48913.1,Zbtb7c
CCDS37115.1,ENSMUSG00000022565,Plec,plectin [Source:MGI Symbol;Acc:MGI:1277961],CCDS,CCDS37115.1,Ntng2
CCDS37116.1,ENSMUSG00000022565,Plec,plectin [Source:MGI Symbol;Acc:MGI:1277961],CCDS,CCDS37116.1,Itgb4
CCDS49646.1,ENSMUSG00000022565,Plec,plectin [Source:MGI Symbol;Acc:MGI:1277961],CCDS,CCDS49646.1,Cmklr1
CCDS90682.1,None,None,None,,CCDS90682.1,H4c2
CCDS35720.1,ENSMUSG00000009418,Nav1,neuron navigator 1 [Source:MGI Symbol;Acc:MGI:2183683],CCDS,CCDS35720.1,H4c1
CCDS71972.1,ENSMUSG00000052512,Nav2,neuron navigator 2 [Source:MGI Symbol;Acc:MGI:2183691],CCDS,CCDS71972.1,Olfr159
CCDS88043.1,None,None,None,,CCDS88043.1,Cacna1g
CCDS28154.1,ENSMUSG00000051980,Casr,calcium-sensing receptor [Source:MGI Symbol;Acc:MGI:1351351],CCDS,CCDS28154.1,Syna
CCDS15794.1,ENSMUSG00000058740,Kcnt1,"potassium channel, subfamily T, member 1 [Source:MGI Symbol;Acc:MGI:1924627]",CCDS,CCDS15794.1,Lrrc8a
CCDS27621.1,ENSMUSG00000043460,Elfn2,"leucine rich repeat and fibronectin type III, extracellular 2 [Source:MGI Symbol;Acc:MGI:3608416]",CCDS,CCDS27621.1,Gm28035
CCDS37113.1,ENSMUSG00000022565,Plec,plectin [Source:MGI Symbol;Acc:MGI:1277961],CCDS,CCDS37113.1,Cacng2
CCDS49644.1,ENSMUSG00000022565,Plec,plectin [Source:MGI Symbol;Acc:MGI:1277961],CCDS,CCDS49644.1,Epha8
CCDS57716.1,ENSMUSG00000034533,Scn10a,"sodium channel, voltage-gated, type X, alpha [Source:MGI Symbol;Acc:MGI:108029]",CCDS,CCDS57716.1,Krt87
CCDS57632.1,ENSMUSG00000031766,Slc12a3,"solute carrier family 12, member 3 [Source:MGI Symbol;Acc:MGI:108114]",CCDS,CCDS57632.1,Ubb
CCDS49645.1,ENSMUSG00000022565,Plec,plectin [Source:MGI Symbol;Acc:MGI:1277961],CCDS,CCDS49645.1,Krtap4-2
CCDS26292.1,ENSMUSG00000064288,H4c12,H4 clustered histone 12 [Source:MGI Symbol;Acc:MGI:2448439],CCDS,CCDS26292.1,Hspa2
CCDS38758.1,ENSMUSG00000039809,Gabbr2,"gamma-aminobutyric acid (GABA) B receptor, 2 [Source:MGI Symbol;Acc:MGI:2386030]",CCDS,CCDS38758.1,Nfatc2
CCDS15937.1,ENSMUSG00000026791,Slc2a8,"solute carrier family 2, (facilitated glucose transporter), member 8 [Source:MGI Symbol;Acc:MGI:1860103]",CCDS,CCDS15937.1,Hcn4
CCDS15922.1,ENSMUSG00000026811,St6galnac6,"ST6 (alpha-N-acetyl-neuraminyl-2,3-beta-galactosyl-1,3)-N-acetylgalactosaminide alpha-2,6-sialyltransferase 6 [Source:MGI Symbol;Acc:MGI:1355316]",CCDS,CCDS15922.1,Tmem63b
CCDS89581.1,None,None,None,,CCDS89581.1,Irgc1
CCDS89582.1,None,None,None,,CCDS89582.1,Gm19402
CCDS37172.1,ENSMUSG00000016028,Celsr1,"cadherin, EGF LAG seven-pass G-type receptor 1 [Source:MGI Symbol;Acc:MGI:1100883]",CCDS,CCDS37172.1,Slc12a5
CCDS50980.1,ENSMUSG00000052415,Tchh,trichohyalin [Source:MGI Symbol;Acc:MGI:2177944],CCDS,CCDS50980.1,Tmem63a
CCDS23200.1,ENSMUSG00000035200,Chrnb4,"cholinergic receptor, nicotinic, beta polypeptide 4 [Source:MGI Symbol;Acc:MGI:87892]",CCDS,CCDS23200.1,Ephb2
CCDS37501.1,ENSMUSG00000024112,Cacna1h,"calcium channel, voltage-dependent, T type, alpha 1H subunit [Source:MGI Symbol;Acc:MGI:1928842]",CCDS,CCDS37501.1,Olfr521
CCDS21355.1,ENSMUSG00000005533,Igf1r,insulin-like growth factor I receptor [Source:MGI Symbol;Acc:MGI:96433],CCDS,CCDS21355.1,Gm45618
CCDS17096.1,ENSMUSG00000050556,Kcnb1,"potassium voltage gated channel, Shab-related subfamily, member 1 [Source:MGI Symbol;Acc:MGI:96666]",CCDS,CCDS17096.1,Zfp362
CCDS49649.1,ENSMUSG00000022565,Plec,plectin [Source:MGI Symbol;Acc:MGI:1277961],CCDS,CCDS49649.1,Tecta
CCDS36927.1,ENSMUSG00000040752,Myh6,"myosin, heavy polypeptide 6, cardiac muscle, alpha [Source:MGI Symbol;Acc:MGI:97255]",CCDS,CCDS36927.1,Dlgap3
CCDS52613.1,ENSMUSG00000013033,Adgrl1,adhesion G protein-coupled receptor L1 [Source:MGI Symbol;Acc:MGI:1929461],CCDS,CCDS52613.1,Otop2
CCDS71669.1,ENSMUSG00000029406,Pitpnm2,"phosphatidylinositol transfer protein, membrane-associated 2 [Source:MGI Symbol;Acc:MGI:1336192]",CCDS,CCDS71669.1,Adcy3
CCDS23422.1,ENSMUSG00000032451,Trim42,tripartite motif-containing 42 [Source:MGI Symbol;Acc:MGI:1926161],CCDS,CCDS23422.1,Foxg1
CCDS25526.1,ENSMUSG00000018634,Crhr1,corticotropin releasing hormone receptor 1 [Source:MGI Symbol;Acc:MGI:88498],CCDS,CCDS25526.1,Nyx
CCDS27639.1,ENSMUSG00000009035,Tmem184b,transmembrane protein 184b [Source:MGI Symbol;Acc:MGI:2445179],CCDS,CCDS27639.1,Mical3
CCDS39239.1,ENSMUSG00000032741,Tpcn1,two pore channel 1 [Source:MGI Symbol;Acc:MGI:2182472],CCDS,CCDS39239.1,Fzd2
CCDS25623.1,ENSMUSG00000045980,Tmem104,transmembrane protein 104 [Source:MGI Symbol;Acc:MGI:2444222],CCDS,CCDS25623.1,Hnf1b
CCDS24562.1,ENSMUSG00000050541,Adra1b,"adrenergic receptor, alpha 1b [Source:MGI Symbol;Acc:MGI:104774]",CCDS,CCDS24562.1,Chadl
CCDS49003.1,ENSMUSG00000039741,Bahcc1,BAH domain and coiled-coil containing 1 [Source:MGI Symbol;Acc:MGI:2679272],CCDS,CCDS49003.1,C2cd4b
CCDS83943.1,ENSMUSG00000039741,Bahcc1,BAH domain and coiled-coil containing 1 [Source:MGI Symbol;Acc:MGI:2679272],CCDS,CCDS83943.1,Ubr4
CCDS50537.1,ENSMUSG00000058740,Kcnt1,"potassium channel, subfamily T, member 1 [Source:MGI Symbol;Acc:MGI:1924627]",CCDS,CCDS50537.1,Gdpd5
CCDS23209.1,ENSMUSG00000049556,Lingo1,leucine rich repeat and Ig domain containing 1 [Source:MGI Symbol;Acc:MGI:1915522],CCDS,CCDS23209.1,Slit3
CCDS39452.1,ENSMUSG00000068699,Flnc,"filamin C, gamma [Source:MGI Symbol;Acc:MGI:95557]",CCDS,CCDS39452.1,Slit1
CCDS22664.1,ENSMUSG00000033763,Mtss2,MTSS I-BAR domain containing 2 [Source:MGI Symbol;Acc:MGI:3039591],CCDS,CCDS22664.1,Grid2ip
CCDS29574.1,ENSMUSG00000035735,Dagla,"diacylglycerol lipase, alpha [Source:MGI Symbol;Acc:MGI:2677061]",CCDS,CCDS29574.1,Rasgrf1
CCDS29349.1,ENSMUSG00000044646,Zbtb7c,zinc finger and BTB domain containing 7C [Source:MGI Symbol;Acc:MGI:2443302],CCDS,CCDS29349.1,Kif26b
CCDS80503.1,ENSMUSG00000068699,Flnc,"filamin C, gamma [Source:MGI Symbol;Acc:MGI:95557]",CCDS,CCDS80503.1,Bicra
CCDS15851.1,ENSMUSG00000035513,Ntng2,netrin G2 [Source:MGI Symbol;Acc:MGI:2159341],CCDS,CCDS15851.1,Jup
CCDS36376.1,ENSMUSG00000020758,Itgb4,integrin beta 4 [Source:MGI Symbol;Acc:MGI:96613],CCDS,CCDS36376.1,H4c11
CCDS19551.1,ENSMUSG00000042190,Cmklr1,chemokine-like receptor 1 [Source:MGI Symbol;Acc:MGI:109603],CCDS,CCDS19551.1,H4c4
CCDS26366.1,ENSMUSG00000069266,H4c2,H4 clustered histone 2 [Source:MGI Symbol;Acc:MGI:2448420],CCDS,CCDS26366.1,Krtap4-1
CCDS26367.1,ENSMUSG00000060093,H4c1,H4 clustered histone 1 [Source:MGI Symbol;Acc:MGI:2448419],CCDS,CCDS26367.1,Kcnj11
CCDS18112.1,ENSMUSG00000044801,Olfr159,olfactory receptor 159 [Source:MGI Symbol;Acc:MGI:1352686],CCDS,CCDS18112.1,Neurl1a
CCDS48885.1,ENSMUSG00000020866,Cacna1g,"calcium channel, voltage-dependent, T type, alpha 1G subunit [Source:MGI Symbol;Acc:MGI:1201678]",CCDS,CCDS48885.1,Trpv4
CCDS19721.1,ENSMUSG00000085957,Syna,syncytin a [Source:MGI Symbol;Acc:MGI:2684898],CCDS,CCDS19721.1,Myo5b
CCDS81004.1,ENSMUSG00000049556,Lingo1,leucine rich repeat and Ig domain containing 1 [Source:MGI Symbol;Acc:MGI:1915522],CCDS,CCDS81004.1,Adcy5
CCDS15875.1,ENSMUSG00000007476,Lrrc8a,leucine rich repeat containing 8A VRAC subunit A [Source:MGI Symbol;Acc:MGI:2652847],CCDS,CCDS15875.1,Ptprs
CCDS15875.1,ENSMUSG00000099041,Gm28035,"predicted gene, 28035 [Source:MGI Symbol;Acc:MGI:5547771]",CCDS,CCDS88803.1,Chrna4
CCDS88803.1,None,None,None,,CCDS27608.1,Ano1
CCDS27608.1,ENSMUSG00000019146,Cacng2,"calcium channel, voltage-dependent, gamma subunit 2 [Source:MGI Symbol;Acc:MGI:1316660]",CCDS,CCDS18813.1,Setd1b
CCDS18813.1,ENSMUSG00000028661,Epha8,Eph receptor A8 [Source:MGI Symbol;Acc:MGI:109378],CCDS,CCDS52627.1,Mc3r
CCDS52627.1,ENSMUSG00000045333,Zfp423,zinc finger protein 423 [Source:MGI Symbol;Acc:MGI:1891217],CCDS,CCDS27852.1,Gnas
CCDS27852.1,ENSMUSG00000047641,Krt87,keratin 87 [Source:MGI Symbol;Acc:MGI:3665486],CCDS,CCDS24826.1,Olfr1395
CCDS24826.1,ENSMUSG00000019505,Ubb,ubiquitin B [Source:MGI Symbol;Acc:MGI:98888],CCDS,CCDS25255.1,Nfasc
CCDS25255.1,ENSMUSG00000020866,Cacna1g,"calcium channel, voltage-dependent, T type, alpha 1G subunit [Source:MGI Symbol;Acc:MGI:1201678]",CCDS,CCDS25392.1,Selenon
CCDS25392.1,ENSMUSG00000044649,Krtap4-2,keratin associated protein 4-2 [Source:MGI Symbol;Acc:MGI:1915923],CCDS,CCDS80930.1,Dlgap4
CCDS80930.1,ENSMUSG00000033763,Mtss2,MTSS I-BAR domain containing 2 [Source:MGI Symbol;Acc:MGI:3039591],CCDS,CCDS25993.1,Card11
CCDS25993.1,ENSMUSG00000059970,Hspa2,heat shock protein 2 [Source:MGI Symbol;Acc:MGI:96243],CCDS,CCDS17112.1,Plxnd1
CCDS17112.1,ENSMUSG00000027544,Nfatc2,"nuclear factor of activated T cells, cytoplasmic, calcineurin dependent 2 [Source:MGI Symbol;Acc:MGI:102463]",CCDS,CCDS52815.1,Sidt2
CCDS52815.1,ENSMUSG00000032338,Hcn4,"hyperpolarization-activated, cyclic nucleotide-gated K+ 4 [Source:MGI Symbol;Acc:MGI:1298209]",CCDS,CCDS48886.1,Slc45a4
CCDS48886.1,ENSMUSG00000020866,Cacna1g,"calcium channel, voltage-dependent, T type, alpha 1G subunit [Source:MGI Symbol;Acc:MGI:1201678]",CCDS,CCDS28814.1,Rtn4rl2
CCDS28814.1,ENSMUSG00000036026,Tmem63b,transmembrane protein 63b [Source:MGI Symbol;Acc:MGI:2387609],CCDS,CCDS15923.1,Atp2b2
CCDS15923.1,ENSMUSG00000026811,St6galnac6,"ST6 (alpha-N-acetyl-neuraminyl-2,3-beta-galactosyl-1,3)-N-acetylgalactosaminide alpha-2,6-sialyltransferase 6 [Source:MGI Symbol;Acc:MGI:1355316]",CCDS,CCDS39831.1,Mylk
CCDS39831.1,ENSMUSG00000062028,Irgc1,"immunity-related GTPase family, cinema 1 [Source:MGI Symbol;Acc:MGI:2685948]",CCDS,CCDS48884.1,Myo10
CCDS48884.1,ENSMUSG00000020866,Cacna1g,"calcium channel, voltage-dependent, T type, alpha 1G subunit [Source:MGI Symbol;Acc:MGI:1201678]",CCDS,CCDS56723.1,Adrb1
CCDS56723.1,ENSMUSG00000095970,Gm19402,"predicted gene, 19402 [Source:MGI Symbol;Acc:MGI:5011587]",CCDS,CCDS38332.1,Notch4
CCDS38332.1,ENSMUSG00000017740,Slc12a5,"solute carrier family 12, member 5 [Source:MGI Symbol;Acc:MGI:1862037]",CCDS,CCDS15578.1,Slc7a10
CCDS15578.1,ENSMUSG00000026519,Tmem63a,transmembrane protein 63a [Source:MGI Symbol;Acc:MGI:2384789],CCDS,CCDS18809.1,Cyfip2
CCDS18809.1,ENSMUSG00000028664,Ephb2,Eph receptor B2 [Source:MGI Symbol;Acc:MGI:99611],CCDS,CCDS71498.1,Dlg5
CCDS71498.1,ENSMUSG00000028664,Ephb2,Eph receptor B2 [Source:MGI Symbol;Acc:MGI:99611],CCDS,CCDS21487.1,Snai1
CCDS21487.1,ENSMUSG00000073997,Olfr521,olfactory receptor 521 [Source:MGI Symbol;Acc:MGI:3030355],CCDS,CCDS85462.1,Abca2
CCDS85462.1,ENSMUSG00000109859,Gm45618,predicted gene 45618 [Source:MGI Symbol;Acc:MGI:5791454],CCDS,CCDS38884.1,Atg9a
CCDS38884.1,ENSMUSG00000028799,Zfp362,zinc finger protein 362 [Source:MGI Symbol;Acc:MGI:2652839],CCDS,CCDS23087.1,Tmem259
CCDS23087.1,ENSMUSG00000037705,Tecta,tectorin alpha [Source:MGI Symbol;Acc:MGI:109575],CCDS,CCDS15852.1,Kcng2
CCDS15852.1,ENSMUSG00000035513,Ntng2,netrin G2 [Source:MGI Symbol;Acc:MGI:2159341],CCDS,CCDS18665.1,Olfr157
CCDS18665.1,ENSMUSG00000042388,Dlgap3,DLG associated protein 3 [Source:MGI Symbol;Acc:MGI:3039563],CCDS,CCDS25628.1,Vwa5b1
CCDS25628.1,ENSMUSG00000050201,Otop2,otopetrin 2 [Source:MGI Symbol;Acc:MGI:2388365],CCDS,CCDS25787.1,Kcnd3
CCDS25787.1,ENSMUSG00000020654,Adcy3,adenylate cyclase 3 [Source:MGI Symbol;Acc:MGI:99675],CCDS,CCDS49017.1,Tecpr1
CCDS49017.1,ENSMUSG00000020654,Adcy3,adenylate cyclase 3 [Source:MGI Symbol;Acc:MGI:99675],CCDS,CCDS25899.1,Sh3pxd2a
CCDS25899.1,ENSMUSG00000020950,Foxg1,forkhead box G1 [Source:MGI Symbol;Acc:MGI:1347464],CCDS,CCDS85660.1,Cxcr4
CCDS85660.1,ENSMUSG00000037705,Tecta,tectorin alpha [Source:MGI Symbol;Acc:MGI:109575],CCDS,CCDS84499.1,H4c18
CCDS84499.1,ENSMUSG00000035513,Ntng2,netrin G2 [Source:MGI Symbol;Acc:MGI:2159341],CCDS,CCDS40877.1,H4c8
CCDS40877.1,ENSMUSG00000051228,Nyx,nyctalopin [Source:MGI Symbol;Acc:MGI:2448607],CCDS,CCDS85152.1,H4c6
CCDS85152.1,ENSMUSG00000051586,Mical3,"microtubule associated monooxygenase, calponin and LIM domain containing 3 [Source:MGI Symbol;Acc:MGI:2442733]",CCDS,CCDS25501.1,H4c14
CCDS25501.1,ENSMUSG00000050288,Fzd2,frizzled class receptor 2 [Source:MGI Symbol;Acc:MGI:1888513],CCDS,CCDS70271.1,H4c17
CCDS70271.1,ENSMUSG00000020679,Hnf1b,HNF1 homeobox B [Source:MGI Symbol;Acc:MGI:98505],CCDS,CCDS49677.1,Tfip11
CCDS49677.1,ENSMUSG00000063765,Chadl,chondroadherin-like [Source:MGI Symbol;Acc:MGI:3036284],CCDS,CCDS40675.1,Scube3
CCDS40675.1,ENSMUSG00000091956,C2cd4b,C2 calcium-dependent domain containing 4B [Source:MGI Symbol;Acc:MGI:1922947],CCDS,CCDS51340.1,Sema3f
CCDS51340.1,ENSMUSG00000066036,Ubr4,ubiquitin protein ligase E3 component n-recognin 4 [Source:MGI Symbol;Acc:MGI:1916366],CCDS,CCDS21481.1,Dsp
CCDS21481.1,ENSMUSG00000035314,Gdpd5,glycerophosphodiester phosphodiesterase domain containing 5 [Source:MGI Symbol;Acc:MGI:2686926],CCDS,CCDS24542.1,Olfr544
CCDS24542.1,ENSMUSG00000056427,Slit3,slit guidance ligand 3 [Source:MGI Symbol;Acc:MGI:1315202],CCDS,CCDS29812.1,Foxk1
CCDS29812.1,ENSMUSG00000025020,Slit1,slit guidance ligand 1 [Source:MGI Symbol;Acc:MGI:1315203],CCDS,CCDS19841.1,Htr1b
CCDS19841.1,ENSMUSG00000010825,Grid2ip,"glutamate receptor, ionotropic, delta 2 (Grid2) interacting protein 1 [Source:MGI Symbol;Acc:MGI:2176213]",CCDS,CCDS84992.1,Ror2
CCDS84992.1,ENSMUSG00000010825,Grid2ip,"glutamate receptor, ionotropic, delta 2 (Grid2) interacting protein 1 [Source:MGI Symbol;Acc:MGI:2176213]",CCDS,CCDS51689.1,Krtap2-4
CCDS51689.1,ENSMUSG00000010825,Grid2ip,"glutamate receptor, ionotropic, delta 2 (Grid2) interacting protein 1 [Source:MGI Symbol;Acc:MGI:2176213]",CCDS,CCDS40722.1,Slc45a1
CCDS40722.1,ENSMUSG00000032356,Rasgrf1,RAS protein-specific guanine nucleotide-releasing factor 1 [Source:MGI Symbol;Acc:MGI:99694],CCDS,CCDS48464.1,Scube1
CCDS48464.1,ENSMUSG00000026494,Kif26b,kinesin family member 26B [Source:MGI Symbol;Acc:MGI:2447076],CCDS,CCDS39780.1,Olfr1342
CCDS39780.1,ENSMUSG00000070808,Bicra,BRD4 interacting chromatin remodeling complex associated protein [Source:MGI Symbol;Acc:MGI:2154263],CCDS,CCDS90276.1,Gm39115
CCDS90276.1,None,None,None,,CCDS25420.1,Obsl1
CCDS25420.1,ENSMUSG00000001552,Jup,junction plakoglobin [Source:MGI Symbol;Acc:MGI:96650],CCDS,CCDS26291.1,Tmc8
CCDS26291.1,ENSMUSG00000067455,H4c11,H4 clustered histone 11 [Source:MGI Symbol;Acc:MGI:2448436],CCDS,CCDS26353.1,Oprd1
CCDS26353.1,ENSMUSG00000061482,H4c4,H4 clustered histone 4 [Source:MGI Symbol;Acc:MGI:2448423],CCDS,CCDS36316.1,Runx3
CCDS36316.1,ENSMUSG00000063251,Krtap4-1,keratin associated protein 4-1 [Source:MGI Symbol;Acc:MGI:3622079],CCDS,CCDS21274.1,Chrng
CCDS21274.1,ENSMUSG00000096146,Kcnj11,"potassium inwardly rectifying channel, subfamily J, member 11 [Source:MGI Symbol;Acc:MGI:107501]",CCDS,CCDS29890.1,Vwf
CCDS29890.1,ENSMUSG00000006435,Neurl1a,neuralized E3 ubiquitin protein ligase 1A [Source:MGI Symbol;Acc:MGI:1334263],CCDS,CCDS19568.1,Atp2a1
CCDS19568.1,ENSMUSG00000014158,Trpv4,"transient receptor potential cation channel, subfamily V, member 4 [Source:MGI Symbol;Acc:MGI:1926945]",CCDS,CCDS37858.1,Scn8a
CCDS37858.1,ENSMUSG00000025885,Myo5b,myosin VB [Source:MGI Symbol;Acc:MGI:106598],CCDS,CCDS37322.1,Kcnj3
CCDS37322.1,ENSMUSG00000022840,Adcy5,adenylate cyclase 5 [Source:MGI Symbol;Acc:MGI:99673],CCDS,CCDS38105.1,Krt14
CCDS38105.1,ENSMUSG00000026811,St6galnac6,"ST6 (alpha-N-acetyl-neuraminyl-2,3-beta-galactosyl-1,3)-N-acetylgalactosaminide alpha-2,6-sialyltransferase 6 [Source:MGI Symbol;Acc:MGI:1355316]",CCDS,CCDS37664.1,Mpo
CCDS37664.1,ENSMUSG00000013236,Ptprs,"protein tyrosine phosphatase, receptor type, S [Source:MGI Symbol;Acc:MGI:97815]",CCDS,CCDS17192.1,Bend3
CCDS17192.1,ENSMUSG00000027577,Chrna4,"cholinergic receptor, nicotinic, alpha polypeptide 4 [Source:MGI Symbol;Acc:MGI:87888]",CCDS,CCDS57600.1,Pcyox1l
CCDS57600.1,ENSMUSG00000031075,Ano1,"anoctamin 1, calcium activated chloride channel [Source:MGI Symbol;Acc:MGI:2142149]",CCDS,CCDS59684.1,Otof
CCDS59684.1,ENSMUSG00000038384,Setd1b,SET domain containing 1B [Source:MGI Symbol;Acc:MGI:2652820],CCDS,CCDS17127.1,Olfr279
CCDS17127.1,ENSMUSG00000038537,Mc3r,melanocortin 3 receptor [Source:MGI Symbol;Acc:MGI:96929],CCDS,CCDS17149.1,Pgc
CCDS17149.1,ENSMUSG00000027523,Gnas,"GNAS (guanine nucleotide binding protein, alpha stimulating) complex locus [Source:MGI Symbol;Acc:MGI:95777]",CCDS,CCDS24598.1,Drd2
CCDS24598.1,ENSMUSG00000050763,Olfr1395,olfactory receptor 1395 [Source:MGI Symbol;Acc:MGI:3031229],CCDS,CCDS57399.1,Kif1a
CCDS57399.1,None,None,None,,CCDS35707.1,Olfr1416
CCDS35707.1,ENSMUSG00000026442,Nfasc,neurofascin [Source:MGI Symbol;Acc:MGI:104753],CCDS,CCDS38917.1,Chrnd
CCDS38917.1,ENSMUSG00000050989,Selenon,selenoprotein N [Source:MGI Symbol;Acc:MGI:2151208],CCDS,CCDS88038.1,Acta1
CCDS88038.1,None,None,None,,CCDS19674.1,Kctd1
CCDS19674.1,ENSMUSG00000029406,Pitpnm2,"phosphatidylinositol transfer protein, membrane-associated 2 [Source:MGI Symbol;Acc:MGI:1336192]",CCDS,CCDS16968.1,Actn1
CCDS16968.1,ENSMUSG00000061689,Dlgap4,DLG associated protein 4 [Source:MGI Symbol;Acc:MGI:2138865],CCDS,CCDS71171.1,Kif21b
CCDS71171.1,ENSMUSG00000061689,Dlgap4,DLG associated protein 4 [Source:MGI Symbol;Acc:MGI:2138865],CCDS,CCDS51686.1,Myc
CCDS51686.1,ENSMUSG00000036526,Card11,"caspase recruitment domain family, member 11 [Source:MGI Symbol;Acc:MGI:1916978]",CCDS,CCDS20448.1,Krtap4-7
CCDS20448.1,ENSMUSG00000030123,Plxnd1,plexin D1 [Source:MGI Symbol;Acc:MGI:2154244],CCDS,CCDS23138.1,Zfhx2
CCDS23138.1,ENSMUSG00000034908,Sidt2,"SID1 transmembrane family, member 2 [Source:MGI Symbol;Acc:MGI:2446134]",CCDS,CCDS25179.1,Nlgn2
CCDS25179.1,ENSMUSG00000020679,Hnf1b,HNF1 homeobox B [Source:MGI Symbol;Acc:MGI:98505],CCDS,CCDS49632.1,Dlk1
CCDS49632.1,ENSMUSG00000079020,Slc45a4,"solute carrier family 45, member 4 [Source:MGI Symbol;Acc:MGI:2146236]",CCDS,CCDS71172.1,Unc5b
CCDS71172.1,ENSMUSG00000061689,Dlgap4,DLG associated protein 4 [Source:MGI Symbol;Acc:MGI:2138865],CCDS,CCDS88740.1,Rhbdf2
CCDS88740.1,None,None,None,,CCDS16197.1,Srsf2
CCDS16197.1,ENSMUSG00000050896,Rtn4rl2,reticulon 4 receptor-like 2 [Source:MGI Symbol;Acc:MGI:2669796],CCDS,CCDS20433.1,Olfr287
CCDS20433.1,ENSMUSG00000030302,Atp2b2,"ATPase, Ca++ transporting, plasma membrane 2 [Source:MGI Symbol;Acc:MGI:105368]",CCDS,CCDS37320.1,Acly
CCDS37320.1,ENSMUSG00000022836,Mylk,"myosin, light polypeptide kinase [Source:MGI Symbol;Acc:MGI:894806]",CCDS,CCDS37049.1,Krtap4-9
CCDS37049.1,ENSMUSG00000022272,Myo10,myosin X [Source:MGI Symbol;Acc:MGI:107716],CCDS,CCDS29919.1,2510039O18Rik
CCDS29919.1,ENSMUSG00000035283,Adrb1,"adrenergic receptor, beta 1 [Source:MGI Symbol;Acc:MGI:87937]",CCDS,CCDS28647.1,Ube3b
CCDS28647.1,ENSMUSG00000015468,Notch4,notch 4 [Source:MGI Symbol;Acc:MGI:107471],CCDS,CCDS21146.1,Zxdb
CCDS21146.1,ENSMUSG00000030495,Slc7a10,"solute carrier family 7 (cationic amino acid transporter, y+ system), member 10 [Source:MGI Symbol;Acc:MGI:1858261]",CCDS,CCDS88041.1,Plcg2
CCDS88041.1,None,None,None,,CCDS24573.1,Dhx34
CCDS24573.1,ENSMUSG00000020340,Cyfip2,cytoplasmic FMR1 interacting protein 2 [Source:MGI Symbol;Acc:MGI:1924134],CCDS,CCDS50803.1,Jph3
CCDS50803.1,ENSMUSG00000027544,Nfatc2,"nuclear factor of activated T cells, cytoplasmic, calcineurin dependent 2 [Source:MGI Symbol;Acc:MGI:102463]",CCDS,CCDS49417.1,Nefm
CCDS49417.1,ENSMUSG00000021782,Dlg5,discs large MAGUK scaffold protein 5 [Source:MGI Symbol;Acc:MGI:1918478],CCDS,CCDS17102.1,Lrp5
CCDS17102.1,ENSMUSG00000042821,Snai1,snail family zinc finger 1 [Source:MGI Symbol;Acc:MGI:98330],CCDS,CCDS15773.1,Trim71
CCDS15773.1,ENSMUSG00000026944,Abca2,"ATP-binding cassette, sub-family A (ABC1), member 2 [Source:MGI Symbol;Acc:MGI:99606]",CCDS,CCDS35622.1,Ccdc177
CCDS35622.1,ENSMUSG00000033124,Atg9a,autophagy related 9A [Source:MGI Symbol;Acc:MGI:2138446],CCDS,CCDS72225.1,Rho
CCDS72225.1,ENSMUSG00000034908,Sidt2,"SID1 transmembrane family, member 2 [Source:MGI Symbol;Acc:MGI:2446134]",CCDS,CCDS24002.1,Purb
CCDS24002.1,ENSMUSG00000013858,Tmem259,transmembrane protein 259 [Source:MGI Symbol;Acc:MGI:2177957],CCDS,CCDS57127.1,Pdk2
CCDS57127.1,ENSMUSG00000059852,Kcng2,"potassium voltage-gated channel, subfamily G, member 2 [Source:MGI Symbol;Acc:MGI:3694646]",CCDS,CCDS18114.1,Adgrb2
CCDS18114.1,ENSMUSG00000111611,Olfr157,olfactory receptor 157 [Source:MGI Symbol;Acc:MGI:1352684],CCDS,CCDS51336.1,Abcg1
CCDS51336.1,ENSMUSG00000028753,Vwa5b1,von Willebrand factor A domain containing 5B1 [Source:MGI Symbol;Acc:MGI:1922968],CCDS,CCDS17709.1,Ttc28
CCDS17709.1,ENSMUSG00000040896,Kcnd3,"potassium voltage-gated channel, Shal-related family, member 3 [Source:MGI Symbol;Acc:MGI:1928743]",CCDS,CCDS39377.1,Garem2
CCDS39377.1,ENSMUSG00000066621,Tecpr1,tectonin beta-propeller repeat containing 1 [Source:MGI Symbol;Acc:MGI:1917631],CCDS,CCDS88011.1,Cacna1f
CCDS88011.1,None,None,None,,CCDS29891.1,Slc26a9
CCDS29891.1,ENSMUSG00000053617,Sh3pxd2a,SH3 and PX domains 2A [Source:MGI Symbol;Acc:MGI:1298393],CCDS,CCDS15254.1,Krtap10-4
CCDS15254.1,ENSMUSG00000045382,Cxcr4,chemokine (C-X-C motif) receptor 4 [Source:MGI Symbol;Acc:MGI:109563],CCDS,CCDS26300.1,Gm11562
CCDS26300.1,ENSMUSG00000069305,H4c18,H4 clustered histone 18 [Source:MGI Symbol;Acc:MGI:4843992],CCDS,CCDS26340.1,Prdm16
CCDS26340.1,ENSMUSG00000060981,H4c8,H4 clustered histone 8 [Source:MGI Symbol;Acc:MGI:2448427],CCDS,CCDS26345.1,Myom3
CCDS26345.1,ENSMUSG00000069274,H4c6,H4 clustered histone 6 [Source:MGI Symbol;Acc:MGI:2448425],CCDS,CCDS51002.1,Runx1
CCDS51002.1,ENSMUSG00000091405,H4c14,H4 clustered histone 14 [Source:MGI Symbol;Acc:MGI:2140113],CCDS,CCDS56872.1,H1f0
CCDS56872.1,ENSMUSG00000069306,H4c17,H4 clustered histone 17 [Source:MGI Symbol;Acc:MGI:2448441],CCDS,CCDS19539.1,Elavl3
CCDS19539.1,ENSMUSG00000029345,Tfip11,tuftelin interacting protein 11 [Source:MGI Symbol;Acc:MGI:1930075],CCDS,CCDS37527.1,Eng
CCDS37527.1,ENSMUSG00000038677,Scube3,"signal peptide, CUB domain, EGF-like 3 [Source:MGI Symbol;Acc:MGI:3045253]",CCDS,CCDS81069.1,Lmtk3
CCDS81069.1,ENSMUSG00000034684,Sema3f,"sema domain, immunoglobulin domain (Ig), short basic domain, secreted, (semaphorin) 3F [Source:MGI Symbol;Acc:MGI:1096347]",CCDS,CCDS49239.1,Lama5
CCDS49239.1,ENSMUSG00000054889,Dsp,desmoplakin [Source:MGI Symbol;Acc:MGI:109611],CCDS,CCDS21532.1,Sympk
CCDS21532.1,ENSMUSG00000043925,Olfr544,olfactory receptor 544 [Source:MGI Symbol;Acc:MGI:3030378],CCDS,CCDS19826.1,Znfx1
CCDS19826.1,ENSMUSG00000056493,Foxk1,forkhead box K1 [Source:MGI Symbol;Acc:MGI:1347488],CCDS,CCDS23370.1,Kcnh6
CCDS23370.1,ENSMUSG00000049511,Htr1b,5-hydroxytryptamine (serotonin) receptor 1B [Source:MGI Symbol;Acc:MGI:96274],CCDS,CCDS50463.1,Ntsr2
CCDS50463.1,ENSMUSG00000006435,Neurl1a,neuralized E3 ubiquitin protein ligase 1A [Source:MGI Symbol;Acc:MGI:1334263],CCDS,CCDS26520.1,Clasrp
CCDS26520.1,ENSMUSG00000021464,Ror2,receptor tyrosine kinase-like orphan receptor 2 [Source:MGI Symbol;Acc:MGI:1347521],CCDS,CCDS89658.1,Lrrc15
CCDS89658.1,None,None,None,,CCDS48911.1,Sned1
CCDS48911.1,ENSMUSG00000060756,Krtap2-4,keratin associated protein 2-4 [Source:MGI Symbol;Acc:MGI:1918703],CCDS,CCDS18973.1,Egr4
CCDS18973.1,ENSMUSG00000039838,Slc45a1,"solute carrier family 45, member 1 [Source:MGI Symbol;Acc:MGI:2653235]",CCDS,CCDS49684.1,Serinc2
CCDS49684.1,ENSMUSG00000016763,Scube1,"signal peptide, CUB domain, EGF-like 1 [Source:MGI Symbol;Acc:MGI:1890616]",CCDS,CCDS18557.1,Arhgap23
CCDS18557.1,ENSMUSG00000043383,Olfr1342,olfactory receptor 1342 [Source:MGI Symbol;Acc:MGI:3031176],CCDS,CCDS17708.1,Olfr288
CCDS17708.1,ENSMUSG00000040896,Kcnd3,"potassium voltage-gated channel, Shal-related family, member 3 [Source:MGI Symbol;Acc:MGI:1928743]",CCDS,CCDS85463.1,Olfr1414
CCDS85463.1,ENSMUSG00000110091,Gm39115,"predicted gene, 39115 [Source:MGI Symbol;Acc:MGI:5622000]",CCDS,CCDS78624.1,Abtb2
CCDS78624.1,ENSMUSG00000026211,Obsl1,obscurin-like 1 [Source:MGI Symbol;Acc:MGI:2138628],CCDS,CCDS25689.1,Mast3
CCDS25689.1,ENSMUSG00000050106,Tmc8,transmembrane channel-like gene family 8 [Source:MGI Symbol;Acc:MGI:2669037],CCDS,CCDS56824.1,Ptprf
CCDS56824.1,ENSMUSG00000050106,Tmc8,transmembrane channel-like gene family 8 [Source:MGI Symbol;Acc:MGI:2669037],CCDS,CCDS56825.1,Kif19a
CCDS56825.1,ENSMUSG00000050106,Tmc8,transmembrane channel-like gene family 8 [Source:MGI Symbol;Acc:MGI:2669037],CCDS,CCDS18718.1,Mrc2
CCDS18718.1,ENSMUSG00000050511,Oprd1,"opioid receptor, delta 1 [Source:MGI Symbol;Acc:MGI:97438]",CCDS,CCDS18782.1,Slco2a1
CCDS18782.1,ENSMUSG00000070691,Runx3,runt related transcription factor 3 [Source:MGI Symbol;Acc:MGI:102672],CCDS,CCDS35651.1,Calcoco2
CCDS35651.1,ENSMUSG00000026253,Chrng,"cholinergic receptor, nicotinic, gamma polypeptide [Source:MGI Symbol;Acc:MGI:87895]",CCDS,CCDS20552.1,Myh7
CCDS20552.1,ENSMUSG00000001930,Vwf,Von Willebrand factor [Source:MGI Symbol;Acc:MGI:98941],CCDS,CCDS48358.1,Zfp36l1
CCDS48358.1,ENSMUSG00000026442,Nfasc,neurofascin [Source:MGI Symbol;Acc:MGI:104753],CCDS,CCDS88040.1,Krtap9-5
CCDS88040.1,None,None,None,,CCDS40125.1,Ptpru
CCDS40125.1,ENSMUSG00000030730,Atp2a1,"ATPase, Ca++ transporting, cardiac muscle, fast twitch 1 [Source:MGI Symbol;Acc:MGI:105058]",CCDS,CCDS57011.1,Ppard
CCDS57011.1,ENSMUSG00000023033,Scn8a,"sodium channel, voltage-gated, type VIII, alpha [Source:MGI Symbol;Acc:MGI:103169]",CCDS,CCDS84524.1,Olfr95
CCDS84524.1,ENSMUSG00000026824,Kcnj3,"potassium inwardly-rectifying channel, subfamily J, member 3 [Source:MGI Symbol;Acc:MGI:104742]",CCDS,CCDS89522.1,Tmem39b
CCDS89522.1,None,None,None,,CCDS25413.1,Fbll1
CCDS25413.1,ENSMUSG00000045545,Krt14,keratin 14 [Source:MGI Symbol;Acc:MGI:96688],CCDS,CCDS25217.1,Epb41l1
CCDS25217.1,ENSMUSG00000009350,Mpo,myeloperoxidase [Source:MGI Symbol;Acc:MGI:97137],CCDS,CCDS35892.1,Tmem63c
CCDS35892.1,ENSMUSG00000038214,Bend3,BEN domain containing 3 [Source:MGI Symbol;Acc:MGI:2677212],CCDS,CCDS48359.1,Trim47
CCDS48359.1,ENSMUSG00000026442,Nfasc,neurofascin [Source:MGI Symbol;Acc:MGI:104753],CCDS,CCDS88033.1,Pknox2
CCDS88033.1,None,None,None,,CCDS29287.1,Tet3
CCDS29287.1,ENSMUSG00000024579,Pcyox1l,prenylcysteine oxidase 1 like [Source:MGI Symbol;Acc:MGI:3606062],CCDS,CCDS19157.1,Lor
CCDS19157.1,ENSMUSG00000062372,Otof,otoferlin [Source:MGI Symbol;Acc:MGI:1891247],CCDS,CCDS27796.1,Gfra2
CCDS27796.1,ENSMUSG00000054036,Olfr279,olfactory receptor 279 [Source:MGI Symbol;Acc:MGI:3030113],CCDS,CCDS28855.1,H3c10
CCDS28855.1,ENSMUSG00000023987,Pgc,progastricsin (pepsinogen C) [Source:MGI Symbol;Acc:MGI:98909],CCDS,CCDS40615.1,Krtap1-4
CCDS40615.1,ENSMUSG00000032259,Drd2,dopamine receptor D2 [Source:MGI Symbol;Acc:MGI:94924],CCDS,CCDS49416.1,Abca3
CCDS49416.1,ENSMUSG00000021782,Dlg5,discs large MAGUK scaffold protein 5 [Source:MGI Symbol;Acc:MGI:1918478],CCDS,CCDS78652.1,Olfr155
CCDS78652.1,ENSMUSG00000014602,Kif1a,kinesin family member 1A [Source:MGI Symbol;Acc:MGI:108391],CCDS,CCDS15168.1,Nos2
CCDS15168.1,ENSMUSG00000067064,Olfr1416,olfactory receptor 1416 [Source:MGI Symbol;Acc:MGI:3031250],CCDS,CCDS15129.1,Myo15
CCDS15129.1,ENSMUSG00000026251,Chrnd,"cholinergic receptor, nicotinic, delta polypeptide [Source:MGI Symbol;Acc:MGI:87893]",CCDS,CCDS22764.1,Dock6
CCDS22764.1,ENSMUSG00000031972,Acta1,"actin alpha 1, skeletal muscle [Source:MGI Symbol;Acc:MGI:87902]",CCDS,CCDS50228.1,Galr3
CCDS50228.1,ENSMUSG00000036225,Kctd1,potassium channel tetramerisation domain containing 1 [Source:MGI Symbol;Acc:MGI:1918269],CCDS,CCDS83972.1,Grin2d
CCDS83972.1,ENSMUSG00000015143,Actn1,"actinin, alpha 1 [Source:MGI Symbol;Acc:MGI:2137706]",CCDS,CCDS15324.1,Slc52a3
CCDS15324.1,ENSMUSG00000041642,Kif21b,kinesin family member 21B [Source:MGI Symbol;Acc:MGI:109234],CCDS,CCDS49615.1,Npffr1
CCDS49615.1,ENSMUSG00000022346,Myc,myelocytomatosis oncogene [Source:MGI Symbol;Acc:MGI:97250],CCDS,CCDS50464.1,Egr3
CCDS50464.1,ENSMUSG00000053617,Sh3pxd2a,SH3 and PX domains 2A [Source:MGI Symbol;Acc:MGI:1298393],CCDS,CCDS57010.1,Olfr1415
CCDS57010.1,ENSMUSG00000023033,Scn8a,"sodium channel, voltage-gated, type VIII, alpha [Source:MGI Symbol;Acc:MGI:103169]",CCDS,CCDS70654.1,Slc34a1
CCDS70654.1,ENSMUSG00000016763,Scube1,"signal peptide, CUB domain, EGF-like 1 [Source:MGI Symbol;Acc:MGI:1890616]",CCDS,CCDS25393.1,Grm6
CCDS25393.1,ENSMUSG00000045109,Krtap4-7,keratin associated protein 4-7 [Source:MGI Symbol;Acc:MGI:1923694],CCDS,CCDS27107.1,Jph2
CCDS27107.1,ENSMUSG00000040721,Zfhx2,zinc finger homeobox 2 [Source:MGI Symbol;Acc:MGI:2686934],CCDS,CCDS24914.1,Slc13a3
CCDS24914.1,ENSMUSG00000051790,Nlgn2,neuroligin 2 [Source:MGI Symbol;Acc:MGI:2681835],CCDS,CCDS26168.1,Drd5
CCDS26168.1,ENSMUSG00000040856,Dlk1,delta like non-canonical Notch ligand 1 [Source:MGI Symbol;Acc:MGI:94900],CCDS,CCDS23872.1,H2bu2
CCDS23872.1,ENSMUSG00000020099,Unc5b,unc-5 netrin receptor B [Source:MGI Symbol;Acc:MGI:894703],CCDS,CCDS25672.1,Gm11937
CCDS25672.1,ENSMUSG00000020806,Rhbdf2,rhomboid 5 homolog 2 [Source:MGI Symbol;Acc:MGI:2442473],CCDS,CCDS25680.1,Ube2o
CCDS25680.1,ENSMUSG00000034120,Srsf2,serine and arginine-rich splicing factor 2 [Source:MGI Symbol;Acc:MGI:98284],CCDS,CCDS88034.1,Lgals3bp
CCDS88034.1,None,None,None,,CCDS49720.1,Ccr7
CCDS49720.1,ENSMUSG00000090129,Olfr287,olfactory receptor 287 [Source:MGI Symbol;Acc:MGI:3030121],CCDS,CCDS25425.1,H4c9
CCDS25425.1,ENSMUSG00000020917,Acly,ATP citrate lyase [Source:MGI Symbol;Acc:MGI:103251],CCDS,CCDS57133.1,H4c3
CCDS57133.1,ENSMUSG00000033768,Nrxn2,neurexin II [Source:MGI Symbol;Acc:MGI:1096362],CCDS,CCDS26011.1,Ehmt2
CCDS26011.1,ENSMUSG00000015143,Actn1,"actinin, alpha 1 [Source:MGI Symbol;Acc:MGI:2137706]",CCDS,CCDS48917.1,Plxnb2
CCDS48917.1,ENSMUSG00000078262,Krtap4-9,keratin associated protein 4-9 [Source:MGI Symbol;Acc:MGI:3652060],CCDS,CCDS18925.1,Zdhhc22
CCDS18925.1,ENSMUSG00000044496,2510039O18Rik,RIKEN cDNA 2510039O18 gene [Source:MGI Symbol;Acc:MGI:1924284],CCDS,CCDS19564.1,Mov10
CCDS19564.1,ENSMUSG00000029577,Ube3b,ubiquitin protein ligase E3B [Source:MGI Symbol;Acc:MGI:1891295],CCDS,CCDS41065.1,Fmod
CCDS41065.1,ENSMUSG00000073062,Zxdb,"zinc finger, X-linked, duplicated B [Source:MGI Symbol;Acc:MGI:3694898]",CCDS,CCDS22700.1,Gapdh
CCDS22700.1,ENSMUSG00000034330,Plcg2,"phospholipase C, gamma 2 [Source:MGI Symbol;Acc:MGI:97616]",CCDS,CCDS39783.1,Olfr545
CCDS39783.1,ENSMUSG00000006019,Dhx34,DEAH (Asp-Glu-Ala-His) box polypeptide 34 [Source:MGI Symbol;Acc:MGI:1918973],CCDS,CCDS22728.1,Srrm4
CCDS22728.1,ENSMUSG00000025318,Jph3,junctophilin 3 [Source:MGI Symbol;Acc:MGI:1891497],CCDS,CCDS27233.1,Tubg1
CCDS27233.1,ENSMUSG00000022054,Nefm,"neurofilament, medium polypeptide [Source:MGI Symbol;Acc:MGI:97314]",CCDS,CCDS48327.1,Bcr
CCDS48327.1,ENSMUSG00000014602,Kif1a,kinesin family member 1A [Source:MGI Symbol;Acc:MGI:108391],CCDS,CCDS37881.1,Slc6a17
CCDS37881.1,ENSMUSG00000024913,Lrp5,low density lipoprotein receptor-related protein 5 [Source:MGI Symbol;Acc:MGI:1278315],CCDS,CCDS56807.1,Nrxn3
CCDS56807.1,ENSMUSG00000020917,Acly,ATP citrate lyase [Source:MGI Symbol;Acc:MGI:103251],CCDS,CCDS85130.1,Fam78a
CCDS85130.1,ENSMUSG00000030302,Atp2b2,"ATPase, Ca++ transporting, plasma membrane 2 [Source:MGI Symbol;Acc:MGI:105368]",CCDS,CCDS40793.1,Zer1
CCDS40793.1,ENSMUSG00000079259,Trim71,tripartite motif-containing 71 [Source:MGI Symbol;Acc:MGI:2685973],CCDS,CCDS26015.1,Slc35c1
CCDS26015.1,ENSMUSG00000062961,Ccdc177,coiled-coil domain containing 177 [Source:MGI Symbol;Acc:MGI:2686414],CCDS,CCDS20446.1,Iglon5
CCDS20446.1,ENSMUSG00000030324,Rho,rhodopsin [Source:MGI Symbol;Acc:MGI:97914],CCDS,CCDS89843.1,Fbxl18
CCDS89843.1,None,None,None,,CCDS24420.1,F2rl1
CCDS24420.1,ENSMUSG00000094483,Purb,purine rich element binding protein B [Source:MGI Symbol;Acc:MGI:1338779],CCDS,CCDS25270.1,Evpl
CCDS25270.1,ENSMUSG00000038967,Pdk2,"pyruvate dehydrogenase kinase, isoenzyme 2 [Source:MGI Symbol;Acc:MGI:1343087]",CCDS,CCDS70655.1,Plxna2
CCDS70655.1,ENSMUSG00000016763,Scube1,"signal peptide, CUB domain, EGF-like 1 [Source:MGI Symbol;Acc:MGI:1890616]",CCDS,CCDS80164.1,Dysf
CCDS80164.1,ENSMUSG00000028782,Adgrb2,adhesion G protein-coupled receptor B2 [Source:MGI Symbol;Acc:MGI:2451244],CCDS,CCDS28602.1,Pkp1
CCDS28602.1,ENSMUSG00000024030,Abcg1,ATP binding cassette subfamily G member 1 [Source:MGI Symbol;Acc:MGI:107704],CCDS,CCDS59682.1,Trrap
CCDS59682.1,ENSMUSG00000033209,Ttc28,tetratricopeptide repeat domain 28 [Source:MGI Symbol;Acc:MGI:2140873],CCDS,CCDS51449.1,Ncam1
CCDS51449.1,ENSMUSG00000044576,Garem2,GRB2 associated regulator of MAPK1 subtype 2 [Source:MGI Symbol;Acc:MGI:2685290],CCDS,CCDS23505.1,Htr1d
CCDS23505.1,ENSMUSG00000034684,Sema3f,"sema domain, immunoglobulin domain (Ig), short basic domain, secreted, (semaphorin) 3F [Source:MGI Symbol;Acc:MGI:1096347]",CCDS,CCDS40840.1,Ldlr
CCDS40840.1,ENSMUSG00000031142,Cacna1f,"calcium channel, voltage-dependent, alpha 1F subunit [Source:MGI Symbol;Acc:MGI:1859639]",CCDS,CCDS15273.1,Bdkrb2
CCDS15273.1,ENSMUSG00000042268,Slc26a9,"solute carrier family 26, member 9 [Source:MGI Symbol;Acc:MGI:2444594]",CCDS,CCDS78848.1,Cckar
CCDS78848.1,ENSMUSG00000069582,Krtap10-4,keratin associated protein 10-4 [Source:MGI Symbol;Acc:MGI:1925013],CCDS,CCDS48326.1,Krtap4-6
CCDS48326.1,ENSMUSG00000014602,Kif1a,kinesin family member 1A [Source:MGI Symbol;Acc:MGI:108391],CCDS,CCDS56800.1,Pcdh8
CCDS56800.1,ENSMUSG00000062278,Gm11562,predicted gene 11562 [Source:MGI Symbol;Acc:MGI:3652059],CCDS,CCDS38989.1,Gcn1
CCDS38989.1,ENSMUSG00000039410,Prdm16,PR domain containing 16 [Source:MGI Symbol;Acc:MGI:1917923],CCDS,CCDS71530.1,Ky
CCDS71530.1,ENSMUSG00000039410,Prdm16,PR domain containing 16 [Source:MGI Symbol;Acc:MGI:1917923],CCDS,CCDS89326.1,Tubg2
CCDS89326.1,None,None,None,,CCDS38921.1,Panx2
CCDS38921.1,ENSMUSG00000037139,Myom3,"myomesin family, member 3 [Source:MGI Symbol;Acc:MGI:2685280]",CCDS,CCDS49916.1,Rab11fip1
CCDS49916.1,ENSMUSG00000022952,Runx1,runt related transcription factor 1 [Source:MGI Symbol;Acc:MGI:99852],CCDS,CCDS56990.1,H3c1
CCDS56990.1,ENSMUSG00000096210,H1f0,H1.0 linker histone [Source:MGI Symbol;Acc:MGI:95893],CCDS,CCDS52741.1,Septin9
CCDS52741.1,ENSMUSG00000003410,Elavl3,ELAV like RNA binding protein 3 [Source:MGI Symbol;Acc:MGI:109157],CCDS,CCDS50569.1,Kcnv2
CCDS50569.1,ENSMUSG00000026814,Eng,endoglin [Source:MGI Symbol;Acc:MGI:95392],CCDS,CCDS39961.1,Baiap2l2
CCDS39961.1,ENSMUSG00000062044,Lmtk3,lemur tyrosine kinase 3 [Source:MGI Symbol;Acc:MGI:3039582],CCDS,CCDS38375.1,Kcng1
CCDS38375.1,ENSMUSG00000015647,Lama5,"laminin, alpha 5 [Source:MGI Symbol;Acc:MGI:105382]",CCDS,CCDS52051.1,Scn11a
CCDS52051.1,ENSMUSG00000023118,Sympk,symplekin [Source:MGI Symbol;Acc:MGI:1915438],CCDS,CCDS71198.1,Slc5a5
CCDS71198.1,ENSMUSG00000039501,Znfx1,"zinc finger, NFX1-type containing 1 [Source:MGI Symbol;Acc:MGI:2138982]",CCDS,CCDS25545.1,Npc1l1
CCDS25545.1,ENSMUSG00000001901,Kcnh6,"potassium voltage-gated channel, subfamily H (eag-related), member 6 [Source:MGI Symbol;Acc:MGI:2684139]",CCDS,CCDS36407.1,Phf2
CCDS36407.1,ENSMUSG00000020591,Ntsr2,neurotensin receptor 2 [Source:MGI Symbol;Acc:MGI:108018],CCDS,CCDS52061.1,Zmiz1
CCDS52061.1,ENSMUSG00000061028,Clasrp,CLK4-associating serine/arginine rich protein [Source:MGI Symbol;Acc:MGI:1855695],CCDS,CCDS28099.1,Slc6a1
CCDS28099.1,ENSMUSG00000052316,Lrrc15,leucine rich repeat containing 15 [Source:MGI Symbol;Acc:MGI:1921738],CCDS,CCDS35670.1,Dgkz
CCDS35670.1,ENSMUSG00000047793,Sned1,"sushi, nidogen and EGF-like domains 1 [Source:MGI Symbol;Acc:MGI:3045960]",CCDS,CCDS20297.1,Ehd1
CCDS20297.1,ENSMUSG00000071341,Egr4,early growth response 4 [Source:MGI Symbol;Acc:MGI:99252],CCDS,CCDS51310.1,Krt86
CCDS51310.1,ENSMUSG00000023232,Serinc2,serine incorporator 2 [Source:MGI Symbol;Acc:MGI:1919132],CCDS,CCDS36293.1,
CCDS36293.1,ENSMUSG00000049807,Arhgap23,Rho GTPase activating protein 23 [Source:MGI Symbol;Acc:MGI:3697726],CCDS,CCDS49719.1,
CCDS49719.1,ENSMUSG00000075427,Olfr288,olfactory receptor 288 [Source:MGI Symbol;Acc:MGI:3030122],CCDS,CCDS15170.1,
CCDS15170.1,ENSMUSG00000042849,Olfr1414,olfactory receptor 1414 [Source:MGI Symbol;Acc:MGI:3031248],CCDS,CCDS89475.1,
CCDS89475.1,None,None,None,,CCDS16479.1,
CCDS16479.1,ENSMUSG00000032724,Abtb2,ankyrin repeat and BTB (POZ) domain containing 2 [Source:MGI Symbol;Acc:MGI:2139365],CCDS,CCDS52577.1,
CCDS52577.1,ENSMUSG00000031833,Mast3,microtubule associated serine/threonine kinase 3 [Source:MGI Symbol;Acc:MGI:2683541],CCDS,CCDS78651.1,
CCDS78651.1,ENSMUSG00000014602,Kif1a,kinesin family member 1A [Source:MGI Symbol;Acc:MGI:108391],CCDS,CCDS18546.1,
CCDS18546.1,ENSMUSG00000033295,Ptprf,"protein tyrosine phosphatase, receptor type, F [Source:MGI Symbol;Acc:MGI:102695]",CCDS,CCDS36367.1,
CCDS36367.1,ENSMUSG00000010021,Kif19a,kinesin family member 19A [Source:MGI Symbol;Acc:MGI:2447024],CCDS,CCDS51400.1,
CCDS51400.1,ENSMUSG00000039410,Prdm16,PR domain containing 16 [Source:MGI Symbol;Acc:MGI:1917923],CCDS,CCDS71532.1,
CCDS71532.1,ENSMUSG00000039410,Prdm16,PR domain containing 16 [Source:MGI Symbol;Acc:MGI:1917923],CCDS,CCDS38354.1,
CCDS38354.1,ENSMUSG00000027523,Gnas,"GNAS (guanine nucleotide binding protein, alpha stimulating) complex locus [Source:MGI Symbol;Acc:MGI:95777]",CCDS,CCDS25539.1,
CCDS25539.1,ENSMUSG00000020695,Mrc2,"mannose receptor, C type 2 [Source:MGI Symbol;Acc:MGI:107818]",CCDS,CCDS23448.1,
CCDS23448.1,ENSMUSG00000032548,Slco2a1,"solute carrier organic anion transporter family, member 2a1 [Source:MGI Symbol;Acc:MGI:1346021]",CCDS,CCDS59567.1,
CCDS59567.1,ENSMUSG00000006056,Calcoco2,calcium binding and coiled-coil domain 2 [Source:MGI Symbol;Acc:MGI:1343177],CCDS,CCDS88039.1,
CCDS88039.1,None,None,None,,CCDS27106.1,
CCDS27106.1,ENSMUSG00000053093,Myh7,"myosin, heavy polypeptide 7, cardiac muscle, beta [Source:MGI Symbol;Acc:MGI:2155600]",CCDS,CCDS26010.1,
CCDS26010.1,ENSMUSG00000021127,Zfp36l1,"zinc finger protein 36, C3H type-like 1 [Source:MGI Symbol;Acc:MGI:107946]",CCDS,CCDS48926.1,
CCDS48926.1,ENSMUSG00000078255,Krtap9-5,keratin associated protein 9-5 [Source:MGI Symbol;Acc:MGI:3650333],CCDS,CCDS51452.1,
CCDS51452.1,ENSMUSG00000062372,Otof,otoferlin [Source:MGI Symbol;Acc:MGI:1891247],CCDS,CCDS18714.1,
CCDS18714.1,ENSMUSG00000028909,Ptpru,"protein tyrosine phosphatase, receptor type, U [Source:MGI Symbol;Acc:MGI:1321151]",CCDS,CCDS28575.1,
CCDS28575.1,ENSMUSG00000002250,Ppard,peroxisome proliferator activator receptor delta [Source:MGI Symbol;Acc:MGI:101884],CCDS,CCDS28739.1,
CCDS28739.1,ENSMUSG00000049561,Olfr95,olfactory receptor 95 [Source:MGI Symbol;Acc:MGI:2177478],CCDS,CCDS18702.1,
CCDS18702.1,ENSMUSG00000053730,Tmem39b,transmembrane protein 39b [Source:MGI Symbol;Acc:MGI:2682939],CCDS,CCDS36128.1,
CCDS36128.1,ENSMUSG00000051062,Fbll1,fibrillarin-like 1 [Source:MGI Symbol;Acc:MGI:3034689],CCDS,CCDS71170.1,
CCDS71170.1,ENSMUSG00000027624,Epb41l1,erythrocyte membrane protein band 4.1 like 1 [Source:MGI Symbol;Acc:MGI:103010],CCDS,CCDS26069.1,
CCDS26069.1,ENSMUSG00000034145,Tmem63c,transmembrane protein 63c [Source:MGI Symbol;Acc:MGI:2444386],CCDS,CCDS56822.1,
CCDS56822.1,ENSMUSG00000020773,Trim47,tripartite motif-containing 47 [Source:MGI Symbol;Acc:MGI:1917374],CCDS,CCDS56823.1,
CCDS56823.1,ENSMUSG00000020773,Trim47,tripartite motif-containing 47 [Source:MGI Symbol;Acc:MGI:1917374],CCDS,CCDS22974.1,
CCDS22974.1,ENSMUSG00000035934,Pknox2,Pbx/knotted 1 homeobox 2 [Source:MGI Symbol;Acc:MGI:2445415],CCDS,CCDS51820.1,
CCDS51820.1,ENSMUSG00000034832,Tet3,tet methylcytosine dioxygenase 3 [Source:MGI Symbol;Acc:MGI:2446229],CCDS,CCDS17546.1,
CCDS17546.1,ENSMUSG00000043165,Lor,loricrin [Source:MGI Symbol;Acc:MGI:96816],CCDS,CCDS38896.1,
CCDS38896.1,ENSMUSG00000028909,Ptpru,"protein tyrosine phosphatase, receptor type, U [Source:MGI Symbol;Acc:MGI:1321151]",CCDS,CCDS27263.1,
CCDS27263.1,ENSMUSG00000022103,Gfra2,glial cell line derived neurotrophic factor family receptor alpha 2 [Source:MGI Symbol;Acc:MGI:1195462],CCDS,CCDS26289.1,
CCDS26289.1,ENSMUSG00000101355,H3c10,H3 clustered histone 10 [Source:MGI Symbol;Acc:MGI:2448349],CCDS,CCDS48908.1,
CCDS48908.1,ENSMUSG00000075567,Krtap1-4,keratin associated protein 1-4 [Source:MGI Symbol;Acc:MGI:3651229],CCDS,CCDS37486.1,
CCDS37486.1,ENSMUSG00000024130,Abca3,"ATP-binding cassette, sub-family A (ABC1), member 3 [Source:MGI Symbol;Acc:MGI:1351617]",CCDS,CCDS18115.1,
CCDS18115.1,ENSMUSG00000071000,Olfr155,olfactory receptor 155 [Source:MGI Symbol;Acc:MGI:1352681],CCDS,CCDS25115.1,
CCDS25115.1,ENSMUSG00000020826,Nos2,"nitric oxide synthase 2, inducible [Source:MGI Symbol;Acc:MGI:97361]",CCDS,CCDS48811.1,
CCDS48811.1,ENSMUSG00000042678,Myo15,myosin XV [Source:MGI Symbol;Acc:MGI:1261811],CCDS,CCDS27517.1,
CCDS27517.1,ENSMUSG00000079020,Slc45a4,"solute carrier family 45, member 4 [Source:MGI Symbol;Acc:MGI:2146236]",CCDS,CCDS40555.1,
CCDS40555.1,ENSMUSG00000032198,Dock6,dedicator of cytokinesis 6 [Source:MGI Symbol;Acc:MGI:1914789],CCDS,CCDS27631.1,
CCDS27631.1,ENSMUSG00000114755,Galr3,galanin receptor 3 [Source:MGI Symbol;Acc:MGI:1329003],CCDS,CCDS21267.1,
CCDS21267.1,ENSMUSG00000002771,Grin2d,"glutamate receptor, ionotropic, NMDA2D (epsilon 4) [Source:MGI Symbol;Acc:MGI:95823]",CCDS,CCDS16876.1,
CCDS16876.1,ENSMUSG00000027463,Slc52a3,"solute carrier protein family 52, member 3 [Source:MGI Symbol;Acc:MGI:1916948]",CCDS,CCDS48574.1,
CCDS48574.1,ENSMUSG00000020090,Npffr1,neuropeptide FF receptor 1 [Source:MGI Symbol;Acc:MGI:2685082],CCDS,CCDS88247.1,
CCDS88247.1,None,None,None,,CCDS27246.1,
CCDS27246.1,ENSMUSG00000033730,Egr3,early growth response 3 [Source:MGI Symbol;Acc:MGI:1306780],CCDS,CCDS15169.1,
CCDS15169.1,ENSMUSG00000057464,Olfr1415,olfactory receptor 1415 [Source:MGI Symbol;Acc:MGI:3031249],CCDS,CCDS49271.1,
CCDS49271.1,ENSMUSG00000021490,Slc34a1,"solute carrier family 34 (sodium phosphate), member 1 [Source:MGI Symbol;Acc:MGI:1345284]",CCDS,CCDS48785.1,
CCDS48785.1,ENSMUSG00000000617,Grm6,"glutamate receptor, metabotropic 6 [Source:MGI Symbol;Acc:MGI:1351343]",CCDS,CCDS71169.1,
CCDS71169.1,ENSMUSG00000027624,Epb41l1,erythrocyte membrane protein band 4.1 like 1 [Source:MGI Symbol;Acc:MGI:103010],CCDS,CCDS88044.1,
CCDS88044.1,None,None,None,,CCDS17008.1,
CCDS17008.1,ENSMUSG00000017817,Jph2,junctophilin 2 [Source:MGI Symbol;Acc:MGI:1891496],CCDS,CCDS17081.1,
CCDS17081.1,ENSMUSG00000018459,Slc13a3,"solute carrier family 13 (sodium-dependent dicarboxylate transporter), member 3 [Source:MGI Symbol;Acc:MGI:2149635]",CCDS,CCDS89125.1,
CCDS89125.1,None,None,None,,CCDS19255.1,
CCDS19255.1,ENSMUSG00000039358,Drd5,dopamine receptor D5 [Source:MGI Symbol;Acc:MGI:94927],CCDS,CCDS24754.1,
CCDS24754.1,ENSMUSG00000056895,H2bu2,H2B.U histone 2 [Source:MGI Symbol;Acc:MGI:1925553],CCDS,CCDS48910.1,
CCDS48910.1,ENSMUSG00000058725,Gm11937,predicted gene 11937 [Source:MGI Symbol;Acc:MGI:3651231],CCDS,CCDS57300.1,
CCDS57300.1,ENSMUSG00000028782,Adgrb2,adhesion G protein-coupled receptor B2 [Source:MGI Symbol;Acc:MGI:2451244],CCDS,CCDS25670.1,
CCDS25670.1,ENSMUSG00000020802,Ube2o,ubiquitin-conjugating enzyme E2O [Source:MGI Symbol;Acc:MGI:2444266],CCDS,CCDS16966.1,
CCDS16966.1,ENSMUSG00000027624,Epb41l1,erythrocyte membrane protein band 4.1 like 1 [Source:MGI Symbol;Acc:MGI:103010],CCDS,CCDS25701.1,
CCDS25701.1,ENSMUSG00000033880,Lgals3bp,"lectin, galactoside-binding, soluble, 3 binding protein [Source:MGI Symbol;Acc:MGI:99554]",CCDS,CCDS25373.1,
CCDS25373.1,ENSMUSG00000037944,Ccr7,chemokine (C-C motif) receptor 7 [Source:MGI Symbol;Acc:MGI:103011],CCDS,CCDS26306.1,
CCDS26306.1,ENSMUSG00000060639,H4c9,H4 clustered histone 9 [Source:MGI Symbol;Acc:MGI:2448432],CCDS,CCDS26359.1,
CCDS26359.1,ENSMUSG00000060678,H4c3,H4 clustered histone 3 [Source:MGI Symbol;Acc:MGI:2448421],CCDS,CCDS70272.1,
CCDS70272.1,ENSMUSG00000020679,Hnf1b,HNF1 homeobox B [Source:MGI Symbol;Acc:MGI:98505],CCDS,CCDS28667.1,
CCDS28667.1,ENSMUSG00000013787,Ehmt2,euchromatic histone lysine N-methyltransferase 2 [Source:MGI Symbol;Acc:MGI:2148922],CCDS,CCDS49698.1,
CCDS49698.1,ENSMUSG00000036606,Plxnb2,plexin B2 [Source:MGI Symbol;Acc:MGI:2154239],CCDS,CCDS36500.1,
CCDS36500.1,ENSMUSG00000048483,Zdhhc22,"zinc finger, DHHC-type containing 22 [Source:MGI Symbol;Acc:MGI:2685108]",CCDS,CCDS51033.1,
CCDS51033.1,ENSMUSG00000002227,Mov10,Mov10 RISC complex RNA helicase [Source:MGI Symbol;Acc:MGI:97054],CCDS,CCDS15301.1,
CCDS15301.1,ENSMUSG00000041559,Fmod,fibromodulin [Source:MGI Symbol;Acc:MGI:1328364],CCDS,CCDS51913.1,
CCDS51913.1,ENSMUSG00000057666,Gapdh,glyceraldehyde-3-phosphate dehydrogenase [Source:MGI Symbol;Acc:MGI:95640],CCDS,CCDS21533.1,
CCDS21533.1,ENSMUSG00000044824,Olfr545,olfactory receptor 545 [Source:MGI Symbol;Acc:MGI:3030379],CCDS,CCDS19601.1,
CCDS19601.1,ENSMUSG00000063919,Srrm4,serine/arginine repetitive matrix 4 [Source:MGI Symbol;Acc:MGI:1916205],CCDS,CCDS25451.1,
CCDS25451.1,ENSMUSG00000035198,Tubg1,"tubulin, gamma 1 [Source:MGI Symbol;Acc:MGI:101834]",CCDS,CCDS17151.1,
CCDS17151.1,ENSMUSG00000027523,Gnas,"GNAS (guanine nucleotide binding protein, alpha stimulating) complex locus [Source:MGI Symbol;Acc:MGI:95777]",CCDS,CCDS35935.1,
CCDS35935.1,ENSMUSG00000009681,Bcr,BCR activator of RhoGEF and GTPase [Source:MGI Symbol;Acc:MGI:88141],CCDS,CCDS38591.1,
CCDS38591.1,ENSMUSG00000027894,Slc6a17,"solute carrier family 6 (neurotransmitter transporter), member 17 [Source:MGI Symbol;Acc:MGI:2442535]",CCDS,CCDS79998.1,
CCDS79998.1,ENSMUSG00000027894,Slc6a17,"solute carrier family 6 (neurotransmitter transporter), member 17 [Source:MGI Symbol;Acc:MGI:2442535]",CCDS,CCDS49174.1,
CCDS49174.1,ENSMUSG00000040856,Dlk1,delta like non-canonical Notch ligand 1 [Source:MGI Symbol;Acc:MGI:94900],CCDS,CCDS24792.1,
CCDS24792.1,ENSMUSG00000042678,Myo15,myosin XV [Source:MGI Symbol;Acc:MGI:1261811],CCDS,CCDS56856.1,
CCDS56856.1,ENSMUSG00000066392,Nrxn3,neurexin III [Source:MGI Symbol;Acc:MGI:1096389],CCDS,CCDS88036.1,
CCDS88036.1,None,None,None,,CCDS15905.1,
CCDS15905.1,ENSMUSG00000050592,Fam78a,"family with sequence similarity 78, member A [Source:MGI Symbol;Acc:MGI:2443569]",CCDS,CCDS15870.1,
CCDS15870.1,ENSMUSG00000039686,Zer1,"zyg-11 related, cell cycle regulator [Source:MGI Symbol;Acc:MGI:2442511]",CCDS,CCDS16448.1,
CCDS16448.1,ENSMUSG00000049922,Slc35c1,"solute carrier family 35, member C1 [Source:MGI Symbol;Acc:MGI:2443301]",CCDS,CCDS52223.1,
CCDS52223.1,ENSMUSG00000013367,Iglon5,IgLON family member 5 [Source:MGI Symbol;Acc:MGI:2686277],CCDS,CCDS19831.1,
CCDS19831.1,ENSMUSG00000066640,Fbxl18,F-box and leucine-rich repeat protein 18 [Source:MGI Symbol;Acc:MGI:2444450],CCDS,CCDS80613.1,
CCDS80613.1,ENSMUSG00000057666,Gapdh,glyceraldehyde-3-phosphate dehydrogenase [Source:MGI Symbol;Acc:MGI:95640],CCDS,CCDS26700.1,
CCDS26700.1,ENSMUSG00000021678,F2rl1,coagulation factor II (thrombin) receptor-like 1 [Source:MGI Symbol;Acc:MGI:101910],CCDS,CCDS25661.1,
CCDS25661.1,ENSMUSG00000034282,Evpl,envoplakin [Source:MGI Symbol;Acc:MGI:107507],CCDS,CCDS35827.1,
CCDS35827.1,ENSMUSG00000026640,Plxna2,plexin A2 [Source:MGI Symbol;Acc:MGI:107684],CCDS,CCDS39535.1,
CCDS39535.1,ENSMUSG00000033788,Dysf,dysferlin [Source:MGI Symbol;Acc:MGI:1349385],CCDS,CCDS15322.1,
CCDS15322.1,ENSMUSG00000026413,Pkp1,plakophilin 1 [Source:MGI Symbol;Acc:MGI:1328359],CCDS,CCDS39379.1,
CCDS39379.1,ENSMUSG00000045482,Trrap,transformation/transcription domain-associated protein [Source:MGI Symbol;Acc:MGI:2153272],CCDS,CCDS57103.1,
CCDS57103.1,ENSMUSG00000013236,Ptprs,"protein tyrosine phosphatase, receptor type, S [Source:MGI Symbol;Acc:MGI:97815]",CCDS,CCDS40618.1,
CCDS40618.1,ENSMUSG00000039542,Ncam1,neural cell adhesion molecule 1 [Source:MGI Symbol;Acc:MGI:97281],CCDS,CCDS50570.1,
CCDS50570.1,ENSMUSG00000026814,Eng,endoglin [Source:MGI Symbol;Acc:MGI:95392],CCDS,CCDS71017.1,
CCDS71017.1,ENSMUSG00000039686,Zer1,"zyg-11 related, cell cycle regulator [Source:MGI Symbol;Acc:MGI:2442511]",CCDS,CCDS18806.1,
CCDS18806.1,ENSMUSG00000070687,Htr1d,5-hydroxytryptamine (serotonin) receptor 1D [Source:MGI Symbol;Acc:MGI:96276],CCDS,CCDS22910.1,
CCDS22910.1,ENSMUSG00000032193,Ldlr,low density lipoprotein receptor [Source:MGI Symbol;Acc:MGI:96765],CCDS,CCDS49160.1,
CCDS49160.1,ENSMUSG00000021070,Bdkrb2,"bradykinin receptor, beta 2 [Source:MGI Symbol;Acc:MGI:102845]",CCDS,CCDS84881.1,
CCDS84881.1,ENSMUSG00000029193,Cckar,cholecystokinin A receptor [Source:MGI Symbol;Acc:MGI:99478],CCDS,CCDS38579.1,
CCDS38579.1,ENSMUSG00000002227,Mov10,Mov10 RISC complex RNA helicase [Source:MGI Symbol;Acc:MGI:97054],CCDS,CCDS48914.1,
CCDS48914.1,ENSMUSG00000075566,Krtap4-6,keratin associated protein 4-6 [Source:MGI Symbol;Acc:MGI:1916018],CCDS,CCDS16449.1,
CCDS16449.1,ENSMUSG00000049922,Slc35c1,"solute carrier family 35, member C1 [Source:MGI Symbol;Acc:MGI:2443301]",CCDS,CCDS27303.1,
CCDS27303.1,ENSMUSG00000036422,Pcdh8,protocadherin 8 [Source:MGI Symbol;Acc:MGI:1306800],CCDS,CCDS51309.1,
CCDS51309.1,ENSMUSG00000028782,Adgrb2,adhesion G protein-coupled receptor B2 [Source:MGI Symbol;Acc:MGI:2451244],CCDS,CCDS19595.1,
CCDS19595.1,ENSMUSG00000041638,Gcn1,GCN1 activator of EIF2AK4 [Source:MGI Symbol;Acc:MGI:2444248],CCDS,CCDS88032.1,
CCDS88032.1,None,None,None,,CCDS23445.1,
CCDS23445.1,ENSMUSG00000035606,Ky,kyphoscoliosis peptidase [Source:MGI Symbol;Acc:MGI:96709],CCDS,CCDS25452.1,
CCDS25452.1,ENSMUSG00000045007,Tubg2,"tubulin, gamma 2 [Source:MGI Symbol;Acc:MGI:2144208]",CCDS,CCDS49695.1,
CCDS49695.1,ENSMUSG00000058441,Panx2,pannexin 2 [Source:MGI Symbol;Acc:MGI:1890615],CCDS,CCDS52534.1,
CCDS52534.1,ENSMUSG00000031488,Rab11fip1,RAB11 family interacting protein 1 (class I) [Source:MGI Symbol;Acc:MGI:1923017],CCDS,CCDS26368.1,
CCDS26368.1,ENSMUSG00000069265,H3c1,H3 clustered histone 1 [Source:MGI Symbol;Acc:MGI:2668828],CCDS,CCDS48990.1,
CCDS48990.1,ENSMUSG00000059248,Septin9,septin 9 [Source:MGI Symbol;Acc:MGI:1858222],CCDS,CCDS38337.1,
CCDS38337.1,ENSMUSG00000039501,Znfx1,"zinc finger, NFX1-type containing 1 [Source:MGI Symbol;Acc:MGI:2138982]",CCDS,CCDS29722.1,
CCDS29722.1,ENSMUSG00000047298,Kcnv2,"potassium channel, subfamily V, member 2 [Source:MGI Symbol;Acc:MGI:2670981]",CCDS,CCDS37140.1,
CCDS37140.1,ENSMUSG00000018126,Baiap2l2,BAI1-associated protein 2-like 2 [Source:MGI Symbol;Acc:MGI:2652819],CCDS,CCDS38344.1,
CCDS38344.1,ENSMUSG00000074575,Kcng1,"potassium voltage-gated channel, subfamily G, member 1 [Source:MGI Symbol;Acc:MGI:3616086]",CCDS,CCDS40804.1,
CCDS40804.1,ENSMUSG00000034115,Scn11a,"sodium channel, voltage-gated, type XI, alpha [Source:MGI Symbol;Acc:MGI:1345149]",CCDS,CCDS22385.1,
CCDS22385.1,ENSMUSG00000000792,Slc5a5,"solute carrier family 5 (sodium iodide symporter), member 5 [Source:MGI Symbol;Acc:MGI:2149330]",CCDS,CCDS24413.1,
CCDS24413.1,ENSMUSG00000020447,Npc1l1,NPC1 like intracellular cholesterol transporter 1 [Source:MGI Symbol;Acc:MGI:2685089],CCDS,CCDS26496.1,
CCDS26496.1,ENSMUSG00000038025,Phf2,PHD finger protein 2 [Source:MGI Symbol;Acc:MGI:1338034],CCDS,CCDS79280.1,
CCDS79280.1,ENSMUSG00000007817,Zmiz1,"zinc finger, MIZ-type containing 1 [Source:MGI Symbol;Acc:MGI:3040693]",CCDS,CCDS85081.1,
CCDS85081.1,ENSMUSG00000033788,Dysf,dysferlin [Source:MGI Symbol;Acc:MGI:1349385],CCDS,CCDS88401.1,
CCDS88401.1,None,None,None,,CCDS20434.1,
CCDS20434.1,ENSMUSG00000030310,Slc6a1,"solute carrier family 6 (neurotransmitter transporter, GABA), member 1 [Source:MGI Symbol;Acc:MGI:95627]",CCDS,CCDS16441.1,
CCDS16441.1,ENSMUSG00000040479,Dgkz,diacylglycerol kinase zeta [Source:MGI Symbol;Acc:MGI:1278339],CCDS,CCDS29501.1,
CCDS29501.1,ENSMUSG00000024772,Ehd1,EH-domain containing 1 [Source:MGI Symbol;Acc:MGI:1341878],CCDS,CCDS37218.1,
CCDS37218.1,ENSMUSG00000067614,Krt86,keratin 86 [Source:MGI Symbol;Acc:MGI:109362],CCDS,,
